{"stats":{"minecraft:picked_up":{"pixelmon:apricorn_leaves_pink":1,"pixelmon:pink_apricorn":1},"minecraft:mined":{"minecraft:grass":2,"pixelmon:apricorn_leaves_pink":1},"minecraft:custom":{"minecraft:jump":43,"minecraft:time_since_rest":5707,"minecraft:leave_game":1,"minecraft:damage_dealt":34,"minecraft:crouch_one_cm":127,"minecraft:sprint_one_cm":1878,"minecraft:play_time":5707,"minecraft:damage_taken":207,"minecraft:time_since_death":5707,"minecraft:walk_one_cm":12674,"minecraft:sneak_time":45,"minecraft:total_world_time":5707,"minecraft:fall_one_cm":209,"minecraft:fly_one_cm":5500}},"DataVersion":3578}