{"stats":{"minecraft:used":{"minecraft:carrot":9},"minecraft:mined":{"minecraft:tall_grass":2,"minecraft:grass":4,"minecraft:sugar_cane":2,"minecraft:carrots":6},"minecraft:custom":{"minecraft:jump":210,"minecraft:open_chest":11,"minecraft:time_since_rest":8178,"minecraft:crouch_one_cm":164,"minecraft:leave_game":2,"minecraft:play_time":8178,"minecraft:sprint_one_cm":29314,"minecraft:time_since_death":8178,"minecraft:walk_on_water_one_cm":301,"minecraft:walk_one_cm":11931,"minecraft:sneak_time":66,"minecraft:total_world_time":8178,"minecraft:fall_one_cm":3613,"minecraft:fly_one_cm":64431},"minecraft:picked_up":{"minecraft:carrot":24,"minecraft:sugar_cane":7}},"DataVersion":3578}