{"stats":{"minecraft:used":{"minecraft:carrot":9,"minecraft:bread":1},"minecraft:picked_up":{"minecraft:carrot":24,"minecraft:sugar_cane":7},"minecraft:mined":{"minecraft:tall_grass":2,"minecraft:grass":5,"minecraft:sugar_cane":2,"minecraft:carrots":6},"minecraft:custom":{"minecraft:jump":228,"minecraft:open_chest":11,"minecraft:time_since_rest":20795,"minecraft:damage_taken":245,"minecraft:crouch_one_cm":164,"minecraft:leave_game":3,"minecraft:play_time":20795,"minecraft:sprint_one_cm":29625,"minecraft:time_since_death":20795,"minecraft:walk_on_water_one_cm":301,"minecraft:walk_one_cm":18169,"minecraft:sneak_time":137,"minecraft:total_world_time":20795,"minecraft:fall_one_cm":3822,"minecraft:fly_one_cm":65231,"minecraft:damage_dealt":87}},"DataVersion":3578}