{"stats":{"minecraft:used":{"minecraft:carrot":9},"minecraft:picked_up":{"minecraft:carrot":24,"minecraft:sugar_cane":7},"minecraft:mined":{"minecraft:tall_grass":2,"minecraft:grass":4,"minecraft:sugar_cane":2,"minecraft:carrots":6},"minecraft:custom":{"minecraft:jump":212,"minecraft:open_chest":11,"minecraft:time_since_rest":10932,"minecraft:crouch_one_cm":164,"minecraft:leave_game":2,"minecraft:play_time":10932,"minecraft:sprint_one_cm":29625,"minecraft:time_since_death":10932,"minecraft:walk_on_water_one_cm":301,"minecraft:walk_one_cm":12334,"minecraft:sneak_time":66,"minecraft:total_world_time":10932,"minecraft:fall_one_cm":3822,"minecraft:fly_one_cm":65116}},"DataVersion":3578}