{"stats":{"minecraft:used":{"minecraft:carrot":9},"minecraft:custom":{"minecraft:jump":180,"minecraft:open_chest":11,"minecraft:time_since_rest":6313,"minecraft:crouch_one_cm":74,"minecraft:leave_game":1,"minecraft:sprint_one_cm":23818,"minecraft:play_time":6313,"minecraft:walk_on_water_one_cm":301,"minecraft:time_since_death":6313,"minecraft:walk_one_cm":8675,"minecraft:sneak_time":53,"minecraft:total_world_time":6313,"minecraft:fall_one_cm":3613,"minecraft:fly_one_cm":54173},"minecraft:mined":{"minecraft:tall_grass":2,"minecraft:grass":2,"minecraft:sugar_cane":2,"minecraft:carrots":6},"minecraft:picked_up":{"minecraft:carrot":24,"minecraft:sugar_cane":7}},"DataVersion":3578}